{
  "Jack/Eitan": {
    "4-4": {
      "count": 321220,
      "probability": 0.32122
    },
    "7-1": {
      "count": 12189,
      "probability": 0.012189
    },
    "3-5": {
      "count": 248419,
      "probability": 0.248419
    },
    "5-3": {
      "count": 221105,
      "probability": 0.221105
    },
    "6-2": {
      "count": 77756,
      "probability": 0.077756
    },
    "2-6": {
      "count": 99076,
      "probability": 0.099076
    },
    "1-7": {
      "count": 18537,
      "probability": 0.018537
    },
    "0-8": {
      "count": 1016,
      "probability": 0.001016
    },
    "8-0": {
      "count": 682,
      "probability": 0.000682
    }
  },
  "Fisher": {
    "3-5": {
      "count": 165803,
      "probability": 0.165803
    },
    "5-3": {
      "count": 299837,
      "probability": 0.299837
    },
    "4-4": {
      "count": 323545,
      "probability": 0.323545
    },
    "6-2": {
      "count": 141779,
      "probability": 0.141779
    },
    "8-0": {
      "count": 2679,
      "probability": 0.002679
    },
    "2-6": {
      "count": 32418,
      "probability": 0.032418
    },
    "7-1": {
      "count": 32079,
      "probability": 0.032079
    },
    "1-7": {
      "count": 1860,
      "probability": 0.00186
    }
  },
  "Sam/Isaac": {
    "4-4": {
      "count": 282360,
      "probability": 0.28236
    },
    "1-7": {
      "count": 53771,
      "probability": 0.053771
    },
    "3-5": {
      "count": 338050,
      "probability": 0.33805
    },
    "2-6": {
      "count": 196409,
      "probability": 0.196409
    },
    "5-3": {
      "count": 105949,
      "probability": 0.105949
    },
    "6-2": {
      "count": 16936,
      "probability": 0.016936
    },
    "0-8": {
      "count": 5620,
      "probability": 0.00562
    },
    "7-1": {
      "count": 905,
      "probability": 0.000905
    }
  },
  "Max/Dani": {
    "7-1": {
      "count": 152980,
      "probability": 0.15298
    },
    "6-2": {
      "count": 336702,
      "probability": 0.336702
    },
    "5-3": {
      "count": 328532,
      "probability": 0.328532
    },
    "4-4": {
      "count": 138525,
      "probability": 0.138525
    },
    "8-0": {
      "count": 25267,
      "probability": 0.025267
    },
    "3-5": {
      "count": 17994,
      "probability": 0.017994
    }
  },
  "Boaz": {
    "5-3": {
      "count": 336989,
      "probability": 0.336989
    },
    "4-4": {
      "count": 345559,
      "probability": 0.345559
    },
    "3-5": {
      "count": 143292,
      "probability": 0.143292
    },
    "6-2": {
      "count": 132471,
      "probability": 0.132471
    },
    "7-1": {
      "count": 16330,
      "probability": 0.01633
    },
    "2-6": {
      "count": 24110,
      "probability": 0.02411
    },
    "1-7": {
      "count": 1249,
      "probability": 0.001249
    }
  },
  "James/Slevy": {
    "6-2": {
      "count": 67949,
      "probability": 0.067949
    },
    "5-3": {
      "count": 388149,
      "probability": 0.388149
    },
    "4-4": {
      "count": 402331,
      "probability": 0.402331
    },
    "3-5": {
      "count": 123605,
      "probability": 0.123605
    },
    "1-7": {
      "count": 1068,
      "probability": 0.001068
    },
    "2-6": {
      "count": 16879,
      "probability": 0.016879
    },
    "0-8": {
      "count": 19,
      "probability": 1.9e-05
    }
  },
  "Schwartz": {
    "4-4": {
      "count": 134225,
      "probability": 0.134225
    },
    "5-3": {
      "count": 312034,
      "probability": 0.312034
    },
    "6-2": {
      "count": 339493,
      "probability": 0.339493
    },
    "3-5": {
      "count": 26387,
      "probability": 0.026387
    },
    "8-0": {
      "count": 26272,
      "probability": 0.026272
    },
    "7-1": {
      "count": 159661,
      "probability": 0.159661
    },
    "2-6": {
      "count": 1928,
      "probability": 0.001928
    }
  },
  "Charlie": {
    "2-6": {
      "count": 103923,
      "probability": 0.103923
    },
    "6-2": {
      "count": 103401,
      "probability": 0.103401
    },
    "7-1": {
      "count": 26063,
      "probability": 0.026063
    },
    "5-3": {
      "count": 224115,
      "probability": 0.224115
    },
    "4-4": {
      "count": 287312,
      "probability": 0.287312
    },
    "3-5": {
      "count": 223477,
      "probability": 0.223477
    },
    "1-7": {
      "count": 26271,
      "probability": 0.026271
    },
    "8-0": {
      "count": 2685,
      "probability": 0.002685
    },
    "0-8": {
      "count": 2753,
      "probability": 0.002753
    }
  },
  "Oren/Levi": {
    "4-4": {
      "count": 351955,
      "probability": 0.351955
    },
    "2-6": {
      "count": 91005,
      "probability": 0.091005
    },
    "3-5": {
      "count": 252415,
      "probability": 0.252415
    },
    "5-3": {
      "count": 226895,
      "probability": 0.226895
    },
    "6-2": {
      "count": 56728,
      "probability": 0.056728
    },
    "1-7": {
      "count": 16114,
      "probability": 0.016114
    },
    "0-8": {
      "count": 1136,
      "probability": 0.001136
    },
    "7-1": {
      "count": 3752,
      "probability": 0.003752
    }
  },
  "Matan/North": {
    "4-4": {
      "count": 176191,
      "probability": 0.176191
    },
    "2-6": {
      "count": 313038,
      "probability": 0.313038
    },
    "1-7": {
      "count": 109606,
      "probability": 0.109606
    },
    "3-5": {
      "count": 343201,
      "probability": 0.343201
    },
    "0-8": {
      "count": 8148,
      "probability": 0.008148
    },
    "5-3": {
      "count": 44346,
      "probability": 0.044346
    },
    "6-2": {
      "count": 5276,
      "probability": 0.005276
    },
    "7-1": {
      "count": 194,
      "probability": 0.000194
    }
  },
  "Katz": {
    "3-5": {
      "count": 341116,
      "probability": 0.341116
    },
    "2-6": {
      "count": 181368,
      "probability": 0.181368
    },
    "4-4": {
      "count": 294517,
      "probability": 0.294517
    },
    "6-2": {
      "count": 24043,
      "probability": 0.024043
    },
    "5-3": {
      "count": 121313,
      "probability": 0.121313
    },
    "1-7": {
      "count": 35440,
      "probability": 0.03544
    },
    "7-1": {
      "count": 2132,
      "probability": 0.002132
    },
    "8-0": {
      "count": 71,
      "probability": 7.1e-05
    }
  },
  "Plotkin": {
    "2-6": {
      "count": 339316,
      "probability": 0.339316
    },
    "5-3": {
      "count": 18145,
      "probability": 0.018145
    },
    "1-7": {
      "count": 123365,
      "probability": 0.123365
    },
    "3-5": {
      "count": 366446,
      "probability": 0.366446
    },
    "4-4": {
      "count": 137526,
      "probability": 0.137526
    },
    "0-8": {
      "count": 14434,
      "probability": 0.014434
    },
    "6-2": {
      "count": 768,
      "probability": 0.000768
    }
  }
}