{
  "Jack/Eitan": {
    "4-4": {
      "count": 320792,
      "probability": 0.320792
    },
    "6-2": {
      "count": 77622,
      "probability": 0.077622
    },
    "3-5": {
      "count": 248138,
      "probability": 0.248138
    },
    "2-6": {
      "count": 99107,
      "probability": 0.099107
    },
    "7-1": {
      "count": 12060,
      "probability": 0.01206
    },
    "5-3": {
      "count": 222194,
      "probability": 0.222194
    },
    "1-7": {
      "count": 18414,
      "probability": 0.018414
    },
    "0-8": {
      "count": 1085,
      "probability": 0.001085
    },
    "8-0": {
      "count": 588,
      "probability": 0.000588
    }
  },
  "Fisher": {
    "4-4": {
      "count": 322975,
      "probability": 0.322975
    },
    "5-3": {
      "count": 300125,
      "probability": 0.300125
    },
    "6-2": {
      "count": 141939,
      "probability": 0.141939
    },
    "2-6": {
      "count": 32078,
      "probability": 0.032078
    },
    "3-5": {
      "count": 165627,
      "probability": 0.165627
    },
    "7-1": {
      "count": 32551,
      "probability": 0.032551
    },
    "8-0": {
      "count": 2778,
      "probability": 0.002778
    },
    "1-7": {
      "count": 1927,
      "probability": 0.001927
    }
  },
  "Sam/Isaac": {
    "3-5": {
      "count": 338052,
      "probability": 0.338052
    },
    "4-4": {
      "count": 281246,
      "probability": 0.281246
    },
    "2-6": {
      "count": 197106,
      "probability": 0.197106
    },
    "5-3": {
      "count": 106380,
      "probability": 0.10638
    },
    "1-7": {
      "count": 54011,
      "probability": 0.054011
    },
    "6-2": {
      "count": 16727,
      "probability": 0.016727
    },
    "0-8": {
      "count": 5549,
      "probability": 0.005549
    },
    "7-1": {
      "count": 929,
      "probability": 0.000929
    }
  },
  "Max/Dani": {
    "5-3": {
      "count": 328070,
      "probability": 0.32807
    },
    "6-2": {
      "count": 337088,
      "probability": 0.337088
    },
    "7-1": {
      "count": 153388,
      "probability": 0.153388
    },
    "4-4": {
      "count": 138565,
      "probability": 0.138565
    },
    "8-0": {
      "count": 25093,
      "probability": 0.025093
    },
    "3-5": {
      "count": 17796,
      "probability": 0.017796
    }
  },
  "Boaz": {
    "5-3": {
      "count": 337308,
      "probability": 0.337308
    },
    "4-4": {
      "count": 345092,
      "probability": 0.345092
    },
    "6-2": {
      "count": 132928,
      "probability": 0.132928
    },
    "3-5": {
      "count": 143043,
      "probability": 0.143043
    },
    "7-1": {
      "count": 16115,
      "probability": 0.016115
    },
    "2-6": {
      "count": 24234,
      "probability": 0.024234
    },
    "1-7": {
      "count": 1280,
      "probability": 0.00128
    }
  },
  "James/Slevy": {
    "5-3": {
      "count": 387708,
      "probability": 0.387708
    },
    "4-4": {
      "count": 403572,
      "probability": 0.403572
    },
    "3-5": {
      "count": 123462,
      "probability": 0.123462
    },
    "6-2": {
      "count": 67508,
      "probability": 0.067508
    },
    "2-6": {
      "count": 16705,
      "probability": 0.016705
    },
    "1-7": {
      "count": 1026,
      "probability": 0.001026
    },
    "0-8": {
      "count": 19,
      "probability": 1.9e-05
    }
  },
  "Schwartz": {
    "6-2": {
      "count": 339324,
      "probability": 0.339324
    },
    "7-1": {
      "count": 159323,
      "probability": 0.159323
    },
    "5-3": {
      "count": 312065,
      "probability": 0.312065
    },
    "4-4": {
      "count": 134484,
      "probability": 0.134484
    },
    "8-0": {
      "count": 26647,
      "probability": 0.026647
    },
    "3-5": {
      "count": 26251,
      "probability": 0.026251
    },
    "2-6": {
      "count": 1906,
      "probability": 0.001906
    }
  },
  "Charlie": {
    "4-4": {
      "count": 286974,
      "probability": 0.286974
    },
    "3-5": {
      "count": 223697,
      "probability": 0.223697
    },
    "6-2": {
      "count": 103439,
      "probability": 0.103439
    },
    "2-6": {
      "count": 104198,
      "probability": 0.104198
    },
    "5-3": {
      "count": 224044,
      "probability": 0.224044
    },
    "7-1": {
      "count": 25909,
      "probability": 0.025909
    },
    "1-7": {
      "count": 26169,
      "probability": 0.026169
    },
    "8-0": {
      "count": 2733,
      "probability": 0.002733
    },
    "0-8": {
      "count": 2837,
      "probability": 0.002837
    }
  },
  "Oren/Levi": {
    "5-3": {
      "count": 225384,
      "probability": 0.225384
    },
    "2-6": {
      "count": 91221,
      "probability": 0.091221
    },
    "4-4": {
      "count": 351882,
      "probability": 0.351882
    },
    "3-5": {
      "count": 253392,
      "probability": 0.253392
    },
    "6-2": {
      "count": 57204,
      "probability": 0.057204
    },
    "1-7": {
      "count": 16034,
      "probability": 0.016034
    },
    "0-8": {
      "count": 1112,
      "probability": 0.001112
    },
    "7-1": {
      "count": 3771,
      "probability": 0.003771
    }
  },
  "Matan/North": {
    "4-4": {
      "count": 176392,
      "probability": 0.176392
    },
    "0-8": {
      "count": 8190,
      "probability": 0.00819
    },
    "1-7": {
      "count": 109400,
      "probability": 0.1094
    },
    "3-5": {
      "count": 342596,
      "probability": 0.342596
    },
    "2-6": {
      "count": 312980,
      "probability": 0.31298
    },
    "6-2": {
      "count": 5267,
      "probability": 0.005267
    },
    "5-3": {
      "count": 44955,
      "probability": 0.044955
    },
    "7-1": {
      "count": 220,
      "probability": 0.00022
    }
  },
  "Katz": {
    "2-6": {
      "count": 181796,
      "probability": 0.181796
    },
    "4-4": {
      "count": 293678,
      "probability": 0.293678
    },
    "3-5": {
      "count": 341971,
      "probability": 0.341971
    },
    "5-3": {
      "count": 120751,
      "probability": 0.120751
    },
    "6-2": {
      "count": 24142,
      "probability": 0.024142
    },
    "1-7": {
      "count": 35345,
      "probability": 0.035345
    },
    "7-1": {
      "count": 2232,
      "probability": 0.002232
    },
    "8-0": {
      "count": 85,
      "probability": 8.5e-05
    }
  },
  "Plotkin": {
    "1-7": {
      "count": 123653,
      "probability": 0.123653
    },
    "4-4": {
      "count": 138625,
      "probability": 0.138625
    },
    "2-6": {
      "count": 339843,
      "probability": 0.339843
    },
    "3-5": {
      "count": 364851,
      "probability": 0.364851
    },
    "0-8": {
      "count": 14425,
      "probability": 0.014425
    },
    "5-3": {
      "count": 17887,
      "probability": 0.017887
    },
    "6-2": {
      "count": 716,
      "probability": 0.000716
    }
  }
}