{
  "Jack/Eitan": {
    "3-5": {
      "count": 2466820,
      "probability": 0.246682
    },
    "5-3": {
      "count": 2050358,
      "probability": 0.2050358
    },
    "6-2": {
      "count": 815281,
      "probability": 0.0815281
    },
    "4-4": {
      "count": 2921788,
      "probability": 0.2921788
    },
    "1-7": {
      "count": 323025,
      "probability": 0.0323025
    },
    "2-6": {
      "count": 1219965,
      "probability": 0.1219965
    },
    "7-1": {
      "count": 158151,
      "probability": 0.0158151
    },
    "0-8": {
      "count": 35293,
      "probability": 0.0035293
    },
    "8-0": {
      "count": 9319,
      "probability": 0.0009319
    }
  },
  "Max/Dani": {
    "7-1": {
      "count": 2442635,
      "probability": 0.2442635
    },
    "6-2": {
      "count": 3525198,
      "probability": 0.3525198
    },
    "5-3": {
      "count": 2422383,
      "probability": 0.2422383
    },
    "4-4": {
      "count": 843432,
      "probability": 0.0843432
    },
    "2-6": {
      "count": 9337,
      "probability": 0.0009337
    },
    "8-0": {
      "count": 613531,
      "probability": 0.0613531
    },
    "3-5": {
      "count": 143484,
      "probability": 0.0143484
    }
  },
  "James/Slevy": {
    "4-4": {
      "count": 3683507,
      "probability": 0.3683507
    },
    "3-5": {
      "count": 3591006,
      "probability": 0.3591006
    },
    "5-3": {
      "count": 1341890,
      "probability": 0.134189
    },
    "2-6": {
      "count": 1099397,
      "probability": 0.1099397
    },
    "1-7": {
      "count": 126857,
      "probability": 0.0126857
    },
    "6-2": {
      "count": 152449,
      "probability": 0.0152449
    },
    "0-8": {
      "count": 4894,
      "probability": 0.0004894
    }
  },
  "Charlie": {
    "3-5": {
      "count": 2836351,
      "probability": 0.2836351
    },
    "2-6": {
      "count": 1870250,
      "probability": 0.187025
    },
    "4-4": {
      "count": 2559211,
      "probability": 0.2559211
    },
    "5-3": {
      "count": 1410167,
      "probability": 0.1410167
    },
    "6-2": {
      "count": 463866,
      "probability": 0.0463866
    },
    "1-7": {
      "count": 669950,
      "probability": 0.066995
    },
    "0-8": {
      "count": 100223,
      "probability": 0.0100223
    },
    "7-1": {
      "count": 83590,
      "probability": 0.008359
    },
    "8-0": {
      "count": 6392,
      "probability": 0.0006392
    }
  },
  "Sam/Isaac": {
    "2-6": {
      "count": 1601800,
      "probability": 0.16018
    },
    "1-7": {
      "count": 388363,
      "probability": 0.0388363
    },
    "3-5": {
      "count": 3120770,
      "probability": 0.312077
    },
    "4-4": {
      "count": 3048133,
      "probability": 0.3048133
    },
    "6-2": {
      "count": 316348,
      "probability": 0.0316348
    },
    "5-3": {
      "count": 1464950,
      "probability": 0.146495
    },
    "0-8": {
      "count": 35006,
      "probability": 0.0035006
    },
    "7-1": {
      "count": 24630,
      "probability": 0.002463
    }
  },
  "Boaz": {
    "5-3": {
      "count": 3693649,
      "probability": 0.3693649
    },
    "7-1": {
      "count": 822107,
      "probability": 0.0822107
    },
    "6-2": {
      "count": 3389904,
      "probability": 0.3389904
    },
    "3-5": {
      "count": 346172,
      "probability": 0.0346172
    },
    "4-4": {
      "count": 1663022,
      "probability": 0.1663022
    },
    "8-0": {
      "count": 51731,
      "probability": 0.0051731
    },
    "1-7": {
      "count": 1096,
      "probability": 0.0001096
    },
    "2-6": {
      "count": 32319,
      "probability": 0.0032319
    }
  },
  "Katz": {
    "4-4": {
      "count": 3528038,
      "probability": 0.3528038
    },
    "2-6": {
      "count": 945230,
      "probability": 0.094523
    },
    "3-5": {
      "count": 2904515,
      "probability": 0.2904515
    },
    "5-3": {
      "count": 1978370,
      "probability": 0.197837
    },
    "6-2": {
      "count": 516047,
      "probability": 0.0516047
    },
    "7-1": {
      "count": 56758,
      "probability": 0.0056758
    },
    "1-7": {
      "count": 68856,
      "probability": 0.0068856
    },
    "8-0": {
      "count": 2186,
      "probability": 0.0002186
    }
  },
  "Fisher": {
    "6-2": {
      "count": 2750741,
      "probability": 0.2750741
    },
    "5-3": {
      "count": 3172019,
      "probability": 0.3172019
    },
    "3-5": {
      "count": 671104,
      "probability": 0.0671104
    },
    "4-4": {
      "count": 1953078,
      "probability": 0.1953078
    },
    "7-1": {
      "count": 1138581,
      "probability": 0.1138581
    },
    "2-6": {
      "count": 127382,
      "probability": 0.0127382
    },
    "8-0": {
      "count": 174161,
      "probability": 0.0174161
    },
    "1-7": {
      "count": 12468,
      "probability": 0.0012468
    },
    "0-8": {
      "count": 466,
      "probability": 4.66e-05
    }
  },
  "Oren/Levi": {
    "5-3": {
      "count": 2166359,
      "probability": 0.2166359
    },
    "4-4": {
      "count": 4274476,
      "probability": 0.4274476
    },
    "3-5": {
      "count": 2707685,
      "probability": 0.2707685
    },
    "2-6": {
      "count": 521963,
      "probability": 0.0521963
    },
    "6-2": {
      "count": 315655,
      "probability": 0.0315655
    },
    "7-1": {
      "count": 13862,
      "probability": 0.0013862
    }
  },
  "Schwartz": {
    "6-2": {
      "count": 3568153,
      "probability": 0.3568153
    },
    "5-3": {
      "count": 2725065,
      "probability": 0.2725065
    },
    "7-1": {
      "count": 2156992,
      "probability": 0.2156992
    },
    "4-4": {
      "count": 932337,
      "probability": 0.0932337
    },
    "3-5": {
      "count": 118281,
      "probability": 0.0118281
    },
    "8-0": {
      "count": 494306,
      "probability": 0.0494306
    },
    "2-6": {
      "count": 4866,
      "probability": 0.0004866
    }
  },
  "Matan/North": {
    "2-6": {
      "count": 3366127,
      "probability": 0.3366127
    },
    "3-5": {
      "count": 2568711,
      "probability": 0.2568711
    },
    "1-7": {
      "count": 2172629,
      "probability": 0.2172629
    },
    "4-4": {
      "count": 1108716,
      "probability": 0.1108716
    },
    "0-8": {
      "count": 456406,
      "probability": 0.0456406
    },
    "5-3": {
      "count": 282056,
      "probability": 0.0282056
    },
    "6-2": {
      "count": 42030,
      "probability": 0.004203
    },
    "7-1": {
      "count": 3221,
      "probability": 0.0003221
    },
    "8-0": {
      "count": 104,
      "probability": 1.04e-05
    }
  },
  "Plotkin": {
    "1-7": {
      "count": 3702487,
      "probability": 0.3702487
    },
    "3-5": {
      "count": 1146205,
      "probability": 0.1146205
    },
    "2-6": {
      "count": 4463505,
      "probability": 0.4463505
    },
    "0-8": {
      "count": 613845,
      "probability": 0.0613845
    },
    "4-4": {
      "count": 73958,
      "probability": 0.0073958
    }
  }
}